-- phpMyAdmin SQL Dump
-- version 5.2.1
-- https://www.phpmyadmin.net/
--
-- Máy chủ: 127.0.0.1
-- Thời gian đã tạo: Th12 25, 2023 lúc 11:22 AM
-- Phiên bản máy phục vụ: 10.4.32-MariaDB
-- Phiên bản PHP: 8.2.12

SET SQL_MODE = "NO_AUTO_VALUE_ON_ZERO";
START TRANSACTION;
SET time_zone = "+00:00";


/*!40101 SET @OLD_CHARACTER_SET_CLIENT=@@CHARACTER_SET_CLIENT */;
/*!40101 SET @OLD_CHARACTER_SET_RESULTS=@@CHARACTER_SET_RESULTS */;
/*!40101 SET @OLD_COLLATION_CONNECTION=@@COLLATION_CONNECTION */;
/*!40101 SET NAMES utf8mb4 */;

--
-- Cơ sở dữ liệu: `admin`
--

-- --------------------------------------------------------

--
-- Cấu trúc bảng cho bảng `cart`
--

CREATE TABLE `cart` (
  `cart_id` int(11) NOT NULL,
  `user_id` int(11) NOT NULL,
  `variation_id` int(11) NOT NULL,
  `quantity` int(11) NOT NULL,
  `price` int(11) NOT NULL
) ENGINE=InnoDB DEFAULT CHARSET=utf8mb4 COLLATE=utf8mb4_general_ci;

-- --------------------------------------------------------

--
-- Cấu trúc bảng cho bảng `category`
--

CREATE TABLE `category` (
  `category_id` int(11) NOT NULL,
  `category_name` varchar(150) NOT NULL
) ENGINE=InnoDB DEFAULT CHARSET=utf8mb4 COLLATE=utf8mb4_general_ci;

--
-- Đang đổ dữ liệu cho bảng `category`
--

INSERT INTO `category` (`category_id`, `category_name`) VALUES
(1, 'Tops'),
(2, 'Dresses');

-- --------------------------------------------------------

--
-- Cấu trúc bảng cho bảng `orders`
--

CREATE TABLE `orders` (
  `order_id` int(11) NOT NULL,
  `user_id` int(11) NOT NULL,
  `delivered_to` varchar(150) NOT NULL,
  `phone_no` varchar(10) NOT NULL,
  `deliver_address` varchar(255) NOT NULL,
  `pay_method` varchar(50) NOT NULL,
  `pay_status` int(11) NOT NULL,
  `order_status` int(11) NOT NULL DEFAULT 0,
  `order_date` date NOT NULL DEFAULT current_timestamp()
) ENGINE=InnoDB DEFAULT CHARSET=utf8mb4 COLLATE=utf8mb4_general_ci;

--
-- Đang đổ dữ liệu cho bảng `orders`
--

INSERT INTO `orders` (`order_id`, `user_id`, `delivered_to`, `phone_no`, `deliver_address`, `pay_method`, `pay_status`, `order_status`, `order_date`) VALUES
(1, 2, 'Self', '9802234675', 'Matepani-12', 'Cash', 0, 0, '2022-04-10'),
(3, 2, 'Test  Firstuser', '980098322', 'matepani-12', 'Khalti', 0, 0, '2022-04-18');

-- --------------------------------------------------------

--
-- Cấu trúc bảng cho bảng `order_details`
--

CREATE TABLE `order_details` (
  `detail_id` int(11) NOT NULL,
  `order_id` int(11) NOT NULL,
  `variation_id` int(11) NOT NULL,
  `quantity` int(11) NOT NULL,
  `price` int(11) NOT NULL
) ENGINE=InnoDB DEFAULT CHARSET=utf8mb4 COLLATE=utf8mb4_general_ci;

--
-- Đang đổ dữ liệu cho bảng `order_details`
--

INSERT INTO `order_details` (`detail_id`, `order_id`, `variation_id`, `quantity`, `price`) VALUES
(1, 1, 1, 1, 500),
(3, 3, 3, 1, 890);

-- --------------------------------------------------------

--
-- Cấu trúc bảng cho bảng `product`
--

CREATE TABLE `product` (
  `product_id` int(11) NOT NULL,
  `product_name` varchar(200) NOT NULL,
  `product_desc` text NOT NULL,
  `product_image` varchar(255) NOT NULL,
  `price` int(11) NOT NULL,
  `category_id` int(11) NOT NULL,
  `uploaded_date` date NOT NULL DEFAULT current_timestamp()
) ENGINE=InnoDB DEFAULT CHARSET=utf8mb4 COLLATE=utf8mb4_general_ci;

--
-- Đang đổ dữ liệu cho bảng `product`
--

INSERT INTO `product` (`product_id`, `product_name`, `product_desc`, `product_image`, `price`, `category_id`, `uploaded_date`) VALUES
(2, 'Off Shoulder Crop Top', 'Crop Tops for Women Basic Off Shoulder Sexy Print V Neck Slim Shirt Vest with Button at Swiss Collecttion.', './uploads/offshoulder.jpg', 89000, 1, '2022-04-04'),
(3, 'Off Shoulder Tops', 'Tops for Women Basic Off Shoulder V Neck Slim Shirt Vest with Button at Swiss Collecttion.', './uploads/tops.jpg', 6000, 1, '2022-04-04'),
(4, 'Printed Crop Top', 'Cute Crop Tops for Women Basic Off Shoulder Sexy Print V Neck Slim Shirt Vest with Button at Swiss Collecttion.', './uploads/croptop.jpg', 700, 1, '2022-04-04'),
(5, 'Shirtdress', 'Shirt Dresses for Women Basic dresses with Button at Swiss Collecttion.', './uploads/shirtdress.jpg', 1850, 2, '2022-04-04'),
(11, 'Váy đẹp', 'Tops', './uploads/facebook.jpg', 1000, 1, '2023-12-20');

-- --------------------------------------------------------

--
-- Cấu trúc bảng cho bảng `product_size_variation`
--

CREATE TABLE `product_size_variation` (
  `variation_id` int(11) NOT NULL,
  `product_id` int(11) NOT NULL,
  `size_id` int(11) NOT NULL,
  `quantity_in_stock` int(11) NOT NULL
) ENGINE=InnoDB DEFAULT CHARSET=utf8mb4 COLLATE=utf8mb4_general_ci;

--
-- Đang đổ dữ liệu cho bảng `product_size_variation`
--

INSERT INTO `product_size_variation` (`variation_id`, `product_id`, `size_id`, `quantity_in_stock`) VALUES
(1, 1, 4, 5),
(2, 2, 3, 9),
(3, 2, 2, 3),
(6, 3, 3, 6),
(7, 4, 2, 7),
(10, 7, 2, 10);

-- --------------------------------------------------------

--
-- Cấu trúc bảng cho bảng `review`
--

CREATE TABLE `review` (
  `review_id` int(11) NOT NULL,
  `user_id` int(11) NOT NULL,
  `product_id` int(11) NOT NULL,
  `review_desc` text NOT NULL
) ENGINE=InnoDB DEFAULT CHARSET=utf8mb4 COLLATE=utf8mb4_general_ci;

--
-- Đang đổ dữ liệu cho bảng `review`
--

INSERT INTO `review` (`review_id`, `user_id`, `product_id`, `review_desc`) VALUES
(1, 2, 2, 'Comfortable and stylish. I loved it.'),
(2, 2, 5, 'Perfect dress for summer.');

-- --------------------------------------------------------

--
-- Cấu trúc bảng cho bảng `sizes`
--

CREATE TABLE `sizes` (
  `size_id` int(11) NOT NULL,
  `size_name` varchar(100) NOT NULL
) ENGINE=InnoDB DEFAULT CHARSET=utf8mb4 COLLATE=utf8mb4_general_ci;

--
-- Đang đổ dữ liệu cho bảng `sizes`
--

INSERT INTO `sizes` (`size_id`, `size_name`) VALUES
(1, 'S'),
(2, 'L'),
(3, 'M');

-- --------------------------------------------------------

--
-- Cấu trúc bảng cho bảng `students`
--

CREATE TABLE `students` (
  `masv` int(11) NOT NULL,
  `hoten` varchar(255) NOT NULL,
  `lop` varchar(255) NOT NULL,
  `email` varchar(255) NOT NULL,
  `ngaysinh` date NOT NULL,
  `gioitinh` int(11) NOT NULL,
  `sdt` varchar(11) NOT NULL
) ENGINE=InnoDB DEFAULT CHARSET=utf8mb4 COLLATE=utf8mb4_general_ci;

--
-- Đang đổ dữ liệu cho bảng `students`
--

INSERT INTO `students` (`masv`, `hoten`, `lop`, `email`, `ngaysinh`, `gioitinh`, `sdt`) VALUES
(1, 'Admin', '', '', '0000-00-00', 0, ''),
(20211891, 'Nông Văn Chiến', 'CNTT', 'chienk2h6b.vn@gmail.com', '2023-12-06', 0, '123123123'),
(20211892, 'Nguyễn Văn Phú', 'DCCNTT12.10.7', 'chien2kh6b.vn@gmail.com', '2023-11-29', 0, '1231231232'),
(20211896, 'Nguyễn văn B', 'DCCNTT12.10.7', 'chienkh6b.vn@gmail.com', '2023-12-07', 0, '12312321');

-- --------------------------------------------------------

--
-- Cấu trúc bảng cho bảng `users`
--

CREATE TABLE `users` (
  `masv` int(11) NOT NULL,
  `name` varchar(200) NOT NULL,
  `email` varchar(255) NOT NULL,
  `password` varchar(250) NOT NULL DEFAULT '123456',
  `phone` varchar(10) NOT NULL,
  `registered_at` date NOT NULL DEFAULT current_timestamp(),
  `isAdmin` int(11) NOT NULL DEFAULT 0,
  `user_address` varchar(255) NOT NULL,
  `user_image` varchar(255) NOT NULL DEFAULT '.\\assets\\images\\logo.png'
) ENGINE=InnoDB DEFAULT CHARSET=utf8mb4 COLLATE=utf8mb4_general_ci;

--
-- Đang đổ dữ liệu cho bảng `users`
--

INSERT INTO `users` (`masv`, `name`, `email`, `password`, `phone`, `registered_at`, `isAdmin`, `user_address`, `user_image`) VALUES
(1, 'Admin', '', '123456', '', '2023-12-25', 1, '', '.\\assets\\images\\logo.png'),
(20211896, 'Nguyễn văn B', 'chienkh6b.vn@gmail.com', '123456', '12312321', '2023-12-25', 0, '', '.\\assets\\images\\logo.png'),
(20211891, 'Nông Văn Chiến', 'chienk2h6b.vn@gmail.com', '123456', '123123123', '2023-12-25', 0, '', '.\\assets\\images\\logo.png'),
(20211892, 'Nguyễn Văn Phú', 'chien2kh6b.vn@gmail.com', '123456', '1231231232', '2023-12-25', 0, '', '.\\assets\\images\\logo.png');

-- --------------------------------------------------------

--
-- Cấu trúc bảng cho bảng `wishlist`
--

CREATE TABLE `wishlist` (
  `wish_id` int(11) NOT NULL,
  `user_id` int(11) NOT NULL,
  `product_id` int(11) NOT NULL
) ENGINE=InnoDB DEFAULT CHARSET=utf8mb4 COLLATE=utf8mb4_general_ci;

--
-- Chỉ mục cho các bảng đã đổ
--

--
-- Chỉ mục cho bảng `cart`
--
ALTER TABLE `cart`
  ADD PRIMARY KEY (`cart_id`),
  ADD UNIQUE KEY `uc_cart` (`user_id`,`variation_id`),
  ADD KEY `variation_id` (`variation_id`);

--
-- Chỉ mục cho bảng `category`
--
ALTER TABLE `category`
  ADD PRIMARY KEY (`category_id`);

--
-- Chỉ mục cho bảng `orders`
--
ALTER TABLE `orders`
  ADD PRIMARY KEY (`order_id`),
  ADD KEY `user_id` (`user_id`);

--
-- Chỉ mục cho bảng `order_details`
--
ALTER TABLE `order_details`
  ADD PRIMARY KEY (`detail_id`),
  ADD KEY `order_id` (`order_id`),
  ADD KEY `variation_id` (`variation_id`);

--
-- Chỉ mục cho bảng `product`
--
ALTER TABLE `product`
  ADD PRIMARY KEY (`product_id`),
  ADD KEY `category_id` (`category_id`);

--
-- Chỉ mục cho bảng `product_size_variation`
--
ALTER TABLE `product_size_variation`
  ADD PRIMARY KEY (`variation_id`),
  ADD UNIQUE KEY `uc_ps` (`product_id`,`size_id`);

--
-- Chỉ mục cho bảng `review`
--
ALTER TABLE `review`
  ADD PRIMARY KEY (`review_id`),
  ADD KEY `user_id` (`user_id`),
  ADD KEY `product_id` (`product_id`);

--
-- Chỉ mục cho bảng `sizes`
--
ALTER TABLE `sizes`
  ADD PRIMARY KEY (`size_id`);

--
-- Chỉ mục cho bảng `students`
--
ALTER TABLE `students`
  ADD PRIMARY KEY (`masv`);

--
-- Chỉ mục cho bảng `users`
--
ALTER TABLE `users`
  ADD KEY `fk_users_students` (`masv`);

--
-- Chỉ mục cho bảng `wishlist`
--
ALTER TABLE `wishlist`
  ADD PRIMARY KEY (`wish_id`),
  ADD UNIQUE KEY `uc_wish` (`user_id`,`product_id`),
  ADD KEY `product_id` (`product_id`);

--
-- AUTO_INCREMENT cho các bảng đã đổ
--

--
-- AUTO_INCREMENT cho bảng `cart`
--
ALTER TABLE `cart`
  MODIFY `cart_id` int(11) NOT NULL AUTO_INCREMENT, AUTO_INCREMENT=10;

--
-- AUTO_INCREMENT cho bảng `category`
--
ALTER TABLE `category`
  MODIFY `category_id` int(11) NOT NULL AUTO_INCREMENT, AUTO_INCREMENT=4;

--
-- AUTO_INCREMENT cho bảng `orders`
--
ALTER TABLE `orders`
  MODIFY `order_id` int(11) NOT NULL AUTO_INCREMENT, AUTO_INCREMENT=4;

--
-- AUTO_INCREMENT cho bảng `order_details`
--
ALTER TABLE `order_details`
  MODIFY `detail_id` int(11) NOT NULL AUTO_INCREMENT, AUTO_INCREMENT=4;

--
-- AUTO_INCREMENT cho bảng `product`
--
ALTER TABLE `product`
  MODIFY `product_id` int(11) NOT NULL AUTO_INCREMENT, AUTO_INCREMENT=12;

--
-- AUTO_INCREMENT cho bảng `product_size_variation`
--
ALTER TABLE `product_size_variation`
  MODIFY `variation_id` int(11) NOT NULL AUTO_INCREMENT, AUTO_INCREMENT=11;

--
-- AUTO_INCREMENT cho bảng `review`
--
ALTER TABLE `review`
  MODIFY `review_id` int(11) NOT NULL AUTO_INCREMENT, AUTO_INCREMENT=3;

--
-- AUTO_INCREMENT cho bảng `sizes`
--
ALTER TABLE `sizes`
  MODIFY `size_id` int(11) NOT NULL AUTO_INCREMENT, AUTO_INCREMENT=6;

--
-- AUTO_INCREMENT cho bảng `wishlist`
--
ALTER TABLE `wishlist`
  MODIFY `wish_id` int(11) NOT NULL AUTO_INCREMENT, AUTO_INCREMENT=10;

--
-- Các ràng buộc cho các bảng đã đổ
--

--
-- Các ràng buộc cho bảng `cart`
--
ALTER TABLE `cart`
  ADD CONSTRAINT `cart_ibfk_2` FOREIGN KEY (`variation_id`) REFERENCES `product_size_variation` (`variation_id`);

--
-- Các ràng buộc cho bảng `order_details`
--
ALTER TABLE `order_details`
  ADD CONSTRAINT `order_details_ibfk_1` FOREIGN KEY (`order_id`) REFERENCES `orders` (`order_id`),
  ADD CONSTRAINT `order_details_ibfk_2` FOREIGN KEY (`variation_id`) REFERENCES `product_size_variation` (`variation_id`);

--
-- Các ràng buộc cho bảng `product`
--
ALTER TABLE `product`
  ADD CONSTRAINT `product_ibfk_1` FOREIGN KEY (`category_id`) REFERENCES `category` (`category_id`);

--
-- Các ràng buộc cho bảng `review`
--
ALTER TABLE `review`
  ADD CONSTRAINT `review_ibfk_2` FOREIGN KEY (`product_id`) REFERENCES `product` (`product_id`);

--
-- Các ràng buộc cho bảng `users`
--
ALTER TABLE `users`
  ADD CONSTRAINT `fk_users_students` FOREIGN KEY (`masv`) REFERENCES `students` (`masv`) ON DELETE CASCADE ON UPDATE CASCADE;

--
-- Các ràng buộc cho bảng `wishlist`
--
ALTER TABLE `wishlist`
  ADD CONSTRAINT `wishlist_ibfk_2` FOREIGN KEY (`product_id`) REFERENCES `product` (`product_id`);
COMMIT;

/*!40101 SET CHARACTER_SET_CLIENT=@OLD_CHARACTER_SET_CLIENT */;
/*!40101 SET CHARACTER_SET_RESULTS=@OLD_CHARACTER_SET_RESULTS */;
/*!40101 SET COLLATION_CONNECTION=@OLD_COLLATION_CONNECTION */;
